"latitude","longitude","elevation","distkm","distkmTotal","distkmTotalFixed","pct"
64.146423,-21.771265,39.9,0,0,0,0
64.151058,-21.771619,27.4,0.515828403685487,0.515828403685487,0.528828146876037,0.00038941689755231
64.155736,-21.751395,28.2,1.10984957226498,1.62567797595047,1.6666477946865,0.00122728114483542
64.153376,-21.737201,53.2,0.736825840067969,2.36250381601844,2.42204288497141,0.00178353673414684
64.164898,-21.711055,61.9,1.80205730003367,4.16456111605211,4.2695150593077,0.0031439727977229
64.164598,-21.696818,56.2,0.690719337769937,4.85528045382205,4.97764168590392,0.00366542097636519
64.172312,-21.677163,47.3,1.28168747772338,6.13696793154543,6.29162984335316,0.00463301166668127
64.182376,-21.67963,39.9,1.12545898408795,7.26242691563337,7.44545228641333,0.00548266000472263
64.208415,-21.715947,4,3.38745424343275,10.6498811590661,10.9182760731278,0.00803996765326052
64.20599,-21.755204,26.5,1.9185492650531,12.5684304241192,12.885176005895,0.00948834757429678
64.222802,-21.807969,9.7,3.16371033949888,15.7321407636181,16.1286171660485,0.0118767431266925
64.243273,-21.829544,25.6,2.50385942793134,18.2360001915494,18.6955780620567,0.013766994154681
64.274279,-21.838471,40,3.4746064899683,21.7106066815177,22.2577504784748,0.0163900960813511
64.283034,-21.828632,60.1,1.08332465668365,22.7939313382014,23.3683767382269,0.0172079357424351
64.29107,-21.799943,59.1,1.64745501885979,24.4413863570612,25.0573503939244,0.0184516571383832
64.304309,-21.784966,40.5,1.63986487576263,26.0812512328238,26.738542622155,0.0196896484699227
64.332032,-21.73438,26.6,3.93006770428762,30.0113189371114,30.7676546413973,0.0226565939921924
64.333695,-21.699822,30.1,1.67467600790231,31.6859949450137,32.484535300836,0.0239208654645331
64.32994,-21.670125,28.4,1.49006114464386,33.1760560896576,34.0121484920135,0.0250457647216594
64.330391,-21.636028,23,1.64316290340812,34.8192189930657,35.6967218637323,0.026286245849582
64.342192,-21.608069,11.2,1.88013934173335,36.6993583347991,37.6242438785219,0.0277056287765257
64.356816,-21.641983,69.8,2.30489582656702,39.0042541613661,39.9872269558341,0.0294456752252092
64.364079,-21.606867,53.7,1.87278492287128,40.8770390842374,41.9072092080391,0.0308595060442114
64.364283,-21.572213,23.5,1.66758720751374,42.5446262917511,43.6168224173989,0.0321184259332834
64.359015,-21.534297,42.3,1.91608988988422,44.4607161816353,45.5812009946073,0.0335649491860142
64.362245,-21.516198,69.7,0.942391281327304,45.4031074629626,46.5473421209504,0.0342763933143965
64.353286,-21.454325,8.3,3.14016749231737,48.54327495528,49.7666471145837,0.0366470155482943
64.356998,-21.411613,2.2,2.09652562159541,50.6398005768754,51.9160087073634,0.0382297560437138
64.361697,-21.408212,3,0.547532804199649,51.1873333810751,52.4773402589607,0.0386431077017383
64.368521,-21.416763,10.4,0.863158738924203,52.0504921199993,53.3622520495946,0.0392947364135453
64.378692,-21.38522,10.5,1.89215999939433,53.9426521193936,55.3020976628322,0.040723194155252
64.381149,-21.358527,6.9,1.31218663293405,55.2548387523277,56.6473536054908,0.0417138097242201
64.385548,-21.355233,2.8,0.514158498549869,55.7689972508775,57.1744697628137,0.0421019659519983
64.387972,-21.362175,27,0.429637500683879,56.1986347515614,57.6149348509938,0.0424263143232649
64.386427,-21.419477,36.7,2.75978398868367,58.9584187402451,60.4442700370484,0.0445097717504038
64.395289,-21.43526,28.1,1.24359656193397,60.2020153021791,61.7192073235766,0.045448606276566
64.39898,-21.46735,22.5,1.59565117632942,61.7976664785085,63.3550715927985,0.0466532191404996
64.397596,-21.519578,22,2.5142126267875,64.311879105296,65.9326466056841,0.0485512861602976
64.40987,-21.596696,69.2,3.94839920965941,68.2602783149554,69.9805521150599,0.0515320707769218
64.409205,-21.651199,60.7,2.61881187336019,70.8790901883156,72.665362451426,0.0535091034252032
64.398916,-21.677924,60.9,1.71965461102458,72.5987447993402,74.4283552504217,0.054807330817689
64.392929,-21.7101,51.2,1.68342224440067,74.2821670437408,76.1542025662261,0.0560782051297689
64.394839,-21.783357,39.9,3.52691468299529,77.8090817267361,79.770001430097,0.0587407963402776
64.386867,-21.846625,17.1,3.16744100581642,80.9765227325525,83.0172672756327,0.0611320083031168
64.39456,-21.856023,17.9,0.967354312568074,81.9438770451206,84.0090005435816,0.0618622978965991
64.401898,-21.906191,7.1,2.54489541862104,84.4887724637416,86.6180316062512,0.0637835284287564
64.416447,-21.924924,61.1,1.85193975550779,86.3407122192494,88.5166433578219,0.065181622502078
64.425641,-21.953924,52.1,1.72732972669412,88.0680419459435,90.2875046983085,0.0664856441077382
64.470026,-21.964985,27.8,4.96390769493229,93.0319496408759,95.3765112144664,0.0702330715864995
64.493512,-21.943538,42.5,2.80639319774441,95.8383428386202,98.2536302400282,0.0723517159352196
64.509863,-21.916448,41.2,2.23321602623864,98.0715588648589,100.543127065507,0.0740376487963968
64.517888,-21.887383,21.2,1.6524571102099,99.7240159750688,102.237228873668,0.0752851464459999
64.530795,-21.886332,0,1.43623180616692,101.160247781236,103.709656136519,0.0763694080534016
64.538498,-21.904689,0,1.22634258007296,102.386590361309,104.966904611829,0.0772952169453825
64.549034,-21.910375,11.5,1.20271163378617,103.589301995095,106.199926601268,0.0782031860097705
64.580061,-21.873243,20.1,3.87913251329605,107.468434508391,110.176819777053,0.0811316787754444
64.596176,-21.831186,20.1,2.69039528679053,110.158829795181,112.935017549243,0.0831627522453926
64.605467,-21.823815,20.1,1.09129145158113,111.250121246763,114.053811380521,0.0839866063184986
64.628803,-21.77295,20.1,3.55126635024015,114.801387597003,117.694575614601,0.0866675814540509
64.643233,-21.762199,30.5,1.68431852614608,116.485706123149,119.421341799958,0.0879391324005583
64.646087,-21.747973,32.9,0.748060505110623,117.233766628259,120.188254687737,0.0885038694313233
64.65747,-21.728039,20.1,1.58201411338362,118.815780741643,121.810138217095,0.089698187199628
64.658403,-21.715078,34.9,0.625704355642793,119.441485097286,122.451611374685,0.0901705532950553
64.666847,-21.700562,50.8,1.16576134568353,120.607246442969,123.646751866626,0.0910506272950114
64.672651,-21.670275,38,1.57884330362123,122.186089746591,125.265384676483,0.0922425513081611
64.713957,-21.612328,50.6,5.35561957044708,127.541709317038,130.755974866122,0.0962856957777037
64.749223,-21.576419,39.9,4.27583351373646,131.817542830774,135.139566574651,0.0995136719990067
64.765692,-21.550444,72.1,2.20721256304289,134.024755393817,137.402404605934,0.101179973936623
64.780036,-21.508312,64.8,2.55559546279112,136.580350856608,140.02240537188,0.103109282306244
64.788533,-21.502454,60,0.984755048462296,137.56510590507,141.031977903529,0.103852708323659
64.803157,-21.457039,61.1,2.69610068667413,140.261206591745,143.796024861273,0.105888088999465
64.80556,-21.428318,65,1.38558910637732,141.646795698122,145.21653314314,0.106934118662106
64.829475,-21.374245,79.9,3.69017665421226,145.336972352334,148.999708454444,0.109719962043037
64.845053,-21.291225,80.5,4.29038704663403,149.627359398968,153.398220469373,0.112958925235179
64.842682,-21.256742,119.5,1.65159465555347,151.278954054522,155.09143808757,0.114205771787607
64.854366,-21.217883,140.5,2.24969178593076,153.528645840452,157.397825889591,0.11590414277584
64.906937,-21.178111,179.9,6.13997229359029,159.668618134043,163.692535809964,0.120539422540475
64.910756,-21.152383,198.4,1.28550642623071,160.954124560273,165.010439159845,0.121509896288546
64.941022,-21.051017,293.2,5.84419223438479,166.798316794658,171.001914866137,0.125921881344726
64.971203,-21.067808,338.5,3.44825377506531,170.246570569724,174.537070434922,0.12852508868551
64.987714,-21.054965,380.1,1.93329656358501,172.179867133309,176.519089322943,0.129984601857838
64.9981,-21.068012,364.1,1.30778232224763,173.487649455556,177.85982995888,0.130971892458674
65.015159,-21.069299,310,1.89870899264021,175.386358448196,179.806389611006,0.132405294264364
65.035168,-21.092677,260,2.4815080271533,177.86786647535,182.350435813351,0.134278671438402
65.057323,-21.100574,228.1,2.49152224423469,180.359388719584,184.904748607887,0.136159608695057
65.065391,-21.110959,205.8,1.02101256304922,181.380401282634,185.951492404461,0.136930406777954
65.075991,-21.10671,165.4,1.19608868148843,182.576489964122,187.177724532067,0.137833375944085
65.086023,-21.08934,81,1.38340621874369,183.959896182866,188.595994913861,0.138877757668528
65.108886,-21.097763,40.9,2.57299463353122,186.532890816397,191.233833338908,0.140820201280492
65.143658,-21.083386,5.9,3.92467594424904,190.457566760646,195.257417716692,0.143783076374589
65.152144,-21.061864,20.3,1.37919996038095,191.836766721027,196.671375835339,0.144824282647525
65.199051,-21.059439,52.1,5.21717527764359,197.05394199867,202.020032703187,0.148762910679814
65.227836,-21.072979,55,3.26241815205106,200.316360150722,205.364669278756,0.151225824211161
65.241065,-21.087506,36.1,1.61929389715324,201.935654047875,207.024772105124,0.152448285791697
65.267018,-21.088986,39,2.88668246498242,204.822336512857,209.984203822473,0.154627543315518
65.286641,-21.041436,82.7,3.1069503417314,207.929286854589,213.169454537468,0.156973088761022
65.295492,-20.999111,78.9,2.19976586391067,210.129052718499,215.424658200278,0.158633768925094
65.324138,-20.910298,10.1,5.21228270567869,215.341335424178,220.768299195121,0.162568703383741
65.333816,-20.896554,10.6,1.25100743619462,216.592342860373,222.050834122403,0.163513132637999
65.343407,-20.897573,28.8,1.06767641335781,217.66001927373,223.145417776783,0.164319158893066
65.351937,-20.885675,67.4,1.09803021434366,218.758049488074,224.271120198977,0.165148100293798
65.3536,-20.874238,88.4,0.562064751648901,219.320114239723,224.847349927537,0.165572422627052
65.344416,-20.814822,120.1,2.93897252742958,222.259086767153,227.860389504837,0.167791155747303
65.345896,-20.77682,104,1.7704950372141,224.029581804367,229.675503994256,0.169127764355122
65.35345,-20.752476,107.5,1.4072213455153,225.436803149882,231.118189684063,0.170190124951446
65.352055,-20.729088,101.4,1.09561218391278,226.532415333795,232.241413137393,0.171017240896461
65.361904,-20.660262,108.8,3.37382366511753,229.906238998912,235.700262832298,0.173564258344844
65.371335,-20.644931,107.7,1.26675333586257,231.172992334775,236.998940482398,0.174520574729306
65.389649,-20.645692,56.5,2.03739864522462,233.210390979999,239.087684999575,0.176058678202927
65.41057,-20.629642,20.1,2.44234454277633,235.652735522776,241.591580731878,0.177902489493283
65.426803,-20.596147,39.9,2.37885864740111,238.031594170177,244.030390617486,0.179698373061477
65.438797,-20.587102,35.2,1.39770487346434,239.429299043641,245.463320004143,0.180753549340312
65.455728,-20.554487,34.9,2.41150759515594,241.840806638797,247.935601645891,0.182574080740715
65.467454,-20.516732,60,2.17729468583673,244.018101324634,250.167767819153,0.184217796626769
65.473087,-20.474889,27.6,2.03093912169398,246.049040446328,252.249890021943,0.185751023580223
65.504329,-20.386248,26.7,5.36561506928173,251.41465551561,257.750727613796,0.189801714001322
65.504297,-20.371538,15,0.678304775341314,252.092960290951,258.446126810114,0.19031378999272
65.514908,-20.336434,19.4,2.0026154613057,254.095575752257,260.499211548645,0.191825634424628
65.54821,-20.345285,18.5,3.72539441377005,257.820970166027,264.31849216627,0.194638064923615
65.617926,-20.302423,21.1,7.99852567758975,265.819495843616,272.518594141265,0.200676431620961
65.646594,-20.293711,38.7,3.21275897549502,269.032254819111,275.812320045522,0.203101855703625
65.659071,-20.279764,20.1,1.52773112856989,270.559985947681,277.378552567567,0.204255193348724
65.667139,-20.243425,60,1.89190231430881,272.45188826199,279.318134001621,0.205683456554949
65.652215,-20.181273,64,3.29658517811974,275.74847344011,282.697798669771,0.208172163968904
65.597831,-20.104369,60,7.00179118022212,282.750264620332,289.876046761956,0.213458060944003
65.579957,-20.042571,60,3.46633369599819,286.21659831633,293.429737896084,0.216074917449252
65.568595,-19.979614,75.1,3.15855530818699,289.375153624517,296.667894109468,0.218459421288268
65.536634,-19.904695,79.9,4.95150125336755,294.326654877885,301.744181520871,0.222197482710509
65.521785,-19.858013,85,2.71104039887207,297.037695276757,304.523544696683,0.22424414189741
65.524381,-19.796473,122.7,2.85016296616272,299.88785824292,307.445536562431,0.226395829574691
65.510434,-19.75551,289.7,2.44876838666644,302.336626629586,309.956018030293,0.228244490449406
65.509146,-19.694088,420,2.83798673858321,305.174613368169,312.865526807051,0.230386985866753
65.518384,-19.674035,343.5,1.38397631546089,306.55858968363,314.284381652957,0.231431797977141
65.520176,-19.617881,299.9,2.59560750999221,309.154197193622,316.945402836978,0.23339131284019
65.515198,-19.58872,260,1.45390793891287,310.608105132535,318.435951700845,0.234488918778236
65.530261,-19.516418,224.9,3.72876851177082,314.336873644306,322.258691449414,0.237303896501778
65.548983,-19.48656,105,2.49767849079624,316.834552135102,324.819315638278,0.23918948132421
65.544165,-19.466325,77.4,1.07486220313413,317.909414338236,325.92126617642,0.240000932383226
65.546944,-19.441863,48.4,1.16802075726899,319.077435095505,327.118723020918,0.240882712091987
65.553381,-19.445318,23.9,0.73362485735895,319.811059952864,327.870836458347,0.241436551147531
65.554047,-19.428592,20.1,0.773245275789767,320.584305228654,328.663568815376,0.242020301042251
65.548446,-19.400257,20.1,1.44511079871449,322.029416027369,330.145098836319,0.243111265711575
65.550624,-19.342847,20.1,2.6533384486983,324.682754476067,332.865305875781,0.245114363678779
65.509157,-19.294556,44.2,5.11943788390928,329.802192359976,338.113762203218,0.248979206335212
65.480189,-19.280427,39.9,3.286374027641,333.088566387617,341.482958382726,0.251460204994644
65.458474,-19.239678,60,3.0610138141697,336.149580201787,344.621114892418,0.25377107134935
65.436212,-19.177966,92.9,3.77618146066945,339.925761662456,348.492462475927,0.256621842765779
65.427693,-19.109409,120.3,3.30821768590826,343.233979348365,351.884052810623,0.259119331966586
65.427221,-19.075506,149,1.56884384773232,344.802823196097,353.492434161488,0.26030370704086
65.453088,-18.97974,229.9,5.2793161748198,350.082139370917,358.904797981618,0.264289247409144
65.461854,-18.919058,260,2.96763962278214,353.049778993699,361.947227113281,0.266529622322004
65.464396,-18.866841,363.5,2.43005365573211,355.479832649431,364.438522207519,0.268364154791987
65.461886,-18.823968,395.9,1.99969902892818,357.479531678359,366.488617014672,0.269873797507122
65.468506,-18.754252,466.1,3.30307564082783,360.782607319187,369.874935716105,0.27236740479831
65.468066,-18.694407,540.1,2.76455284113349,363.54716016032,372.70915993771,0.274454462398903
65.47255,-18.672252,459.3,1.14078325654055,364.687943416861,373.878692850658,0.275315679566022
65.498385,-18.624047,320,3.6359271443343,368.323870561195,377.606251473209,0.278060568095147
65.520154,-18.597847,280.1,2.70557491663528,371.029445477831,380.380011427442,0.280103101198411
65.527439,-18.579769,280.1,1.16187150563569,372.191316983466,381.571164048824,0.280980238622109
65.548135,-18.554921,280.1,2.57012532846599,374.761442311932,384.206060857493,0.282920516095356
65.578787,-18.54269,243.3,3.45480917578064,378.216251487713,387.747937034115,0.285528672337345
65.593379,-18.517821,176.4,1.98590263951295,380.202154127226,389.78388775964,0.287027899675729
65.613806,-18.502886,139.9,2.37303502155838,382.575189148784,392.21672725424,0.288819386785155
65.669693,-18.415629,107.3,7.39155473393824,389.966743882722,399.794561597121,0.294399529894787
65.685196,-18.406509,72.7,1.77409642763334,391.740840310356,401.613368238054,0.295738857318154
65.710377,-18.358605,39.9,3.55626309081678,395.297103401173,405.259255138975,0.298423604667876
65.74634,-18.25961,60.4,6.03876817154412,401.335871572717,411.450210423242,0.30298248190224
65.747337,-18.213519,110.1,2.10875788661726,403.444629459334,413.612112554692,0.304574456962218
65.738411,-18.192469,80.1,1.38230591459805,404.826935373932,415.029254902825,0.30561800802859
65.703295,-18.152418,60,4.31287710047282,409.139812474405,419.45082375877,0.308873949748726
65.685936,-18.092347,11.3,3.35962084515481,412.49943331956,422.895112698765,0.311410244991727
65.670283,-18.08253,3.3,1.79768218624221,414.297115505802,424.738099499085,0.312767378128928
65.668963,-18.052683,0,1.37521132035255,415.672326826154,426.147968457267,0.313805573238047
65.673137,-18.044722,1.9,0.590268241452001,416.262595067606,426.753112451,0.31425118737187
65.725837,-18.073593,50.8,6.00727121206517,422.269866279672,432.911776999444,0.318786286450253
65.775104,-18.069645,48.8,5.48124974744892,427.75111602712,438.531163457805,0.322924273532993
65.805101,-18.053466,80.9,3.41631222712859,431.167428254249,442.033572497932,0.325503367082424
65.812891,-18.040044,138.6,1.06193896813528,432.229367222384,443.122274113822,0.326305061939486
65.814478,-18.013426,223.6,1.22839169040055,433.457758912785,444.381623340485,0.327232417776499
65.811625,-18.0023,260.4,0.599124849643522,434.056883762428,444.995847143829,0.327684718073512
65.813684,-17.994125,301,0.439088112677538,434.495971875106,445.446001015317,0.328016201042207
65.802966,-17.952733,292.6,2.23119706229397,436.7271689374,447.733427995565,0.329700609716911
65.785543,-17.923701,141.4,2.35127846678508,439.078447404185,450.143962633625,0.331475672042434
65.766885,-17.909721,100,2.17093936813379,441.249386772319,452.36961332449,0.333114590076944
65.746694,-17.911406,114.2,2.24653713622659,443.495923908545,454.672766974329,0.334810579509816
65.746887,-17.886708,117.7,1.12832434982804,444.624248258373,455.829526995165,0.33566239101264
65.720816,-17.790062,120.1,5.28309695571187,449.907345214085,461.245766878223,0.339650785624612
65.714507,-17.750055,139.9,1.95944015503204,451.866785369117,463.254588220159,0.341130035508217
65.715215,-17.724928,126.2,1.15190764560283,453.01869301472,464.43552587548,0.341999650865597
65.705978,-17.666659,113.7,2.85634324430079,455.875036259021,467.363853772768,0.344156004250933
65.701987,-17.60632,100,2.79610828537928,458.6711445444,470.230428688877,0.346266884159704
65.686698,-17.544512,107.7,3.30045382312482,461.971598367525,473.614059498392,0.348758512149037
65.688339,-17.514696,156.7,1.37803025924934,463.349628626774,475.026818437472,0.349798835373691
65.710602,-17.475246,275.4,3.06622609086112,466.415854717636,478.170318581992,0.352113636658316
65.723487,-17.465429,258.3,1.50158826611172,467.917442983747,479.709749397483,0.353247238142476
65.734677,-17.437202,164.9,1.79490396934567,469.712346953093,481.549887965169,0.354602273906604
65.731952,-17.416463,96.8,0.997365922039445,470.709712875132,482.572389185615,0.355355220313413
65.738282,-17.407644,49.8,0.812436584479069,471.522149459611,483.405300538218,0.355968557097362
65.724828,-17.375178,69.8,2.10716461831656,473.629314077928,485.565569248326,0.357559329343392
65.680239,-17.344848,117.1,5.14890521070987,478.778219288638,490.844235528751,0.361446417915134
65.657998,-17.284606,229.8,3.70761947617346,482.485838764811,494.645293250462,0.36424542949224
65.645735,-17.263577,274,1.67060160963322,484.156440374445,496.357996829944,0.365506625058869
65.623215,-17.245767,279.3,2.63414431510324,486.790584689548,499.058526011368,0.367495232703511
65.619417,-17.22079,300.4,1.22193358987863,488.012518279426,500.311254382516,0.368417713094637
65.597241,-17.195277,315.5,2.73019717147301,490.742715450899,503.110257113813,0.370478834398979
65.585386,-17.134241,260,3.09961364112282,493.842329092022,506.287986231007,0.372818841112671
65.599151,-17.117912,274.4,1.70473702568408,495.547066117706,508.035685496426,0.374105806698399
65.603625,-17.098213,268.7,1.03263191220676,496.579698029913,509.094341469295,0.374885376634238
65.612111,-17.086315,280.1,1.09047438919795,497.670172419111,510.212297646844,0.375708613878383
65.618473,-17.027253,280.1,2.8023121195678,500.472484538679,513.085232744196,0.377824177278495
65.625007,-17.025708,280.1,0.730031937510627,501.202516476189,513.833662714155,0.378375303913222
65.636712,-17.001976,277.1,1.69700495236384,502.899521428553,515.573435045004,0.379656432286454
65.652419,-16.991665,285.5,1.80950830723205,504.709029735785,517.42854600445,0.381022493375883
65.660627,-16.975014,309,1.1900255056776,505.899055241463,518.648562154019,0.3819208852386
65.654265,-16.938139,289,1.8323869550675,507.73144219653,520.527128341698,0.383304218219218
65.639931,-16.910738,280.9,2.02961997485771,509.761062171388,522.607898152934,0.384836449302602
65.639459,-16.841451,330.1,3.17881111537354,512.939873286762,525.866820653907,0.387236244958695
65.647323,-16.825787,421.6,1.13540996340777,514.075283250169,527.0308448577,0.388093405638954
65.643665,-16.809908,360,0.836358085780725,514.91164133595,527.888280573663,0.388724801600635
65.64889,-16.761553,360,2.29222300075632,517.203864336706,530.238271448643,0.390455280890017
65.648825,-16.724818,360,1.6843644936931,518.8882288304,531.965084760007,0.391726866539033
65.64478,-16.703092,360,1.09308392935597,519.981312759755,533.085716242514,0.392552073816284
65.647752,-16.626155,363.4,3.54346512366295,523.524777883419,536.718482645988,0.395227159533128
65.660444,-16.564969,370,3.13997485165267,526.664752735071,539.937590144088,0.397597636335853
65.654072,-16.420033,367.5,6.68104597229463,533.345798707366,546.78700970974,0.402641391538836
65.63624,-16.283047,370,6.58743296896498,539.933231676331,553.540457066958,0.407614475012487
65.618452,-16.223899,380.1,3.35857956526628,543.291811241597,556.983678485061,0.410149984156893
65.619214,-16.197195,380.1,1.22876074008028,544.520571981677,558.243406062076,0.411077618602413
65.626209,-16.184192,380.1,0.980427448125152,545.500999429803,559.248541930582,0.411817777563021
65.62476,-16.17077,380.1,0.636699541519792,546.137698971322,559.901287371223,0.412298444308706
65.610727,-16.155782,385,1.70545241448064,547.843151385803,561.649720054439,0.41358594996645
65.59413,-16.12307,386.1,2.37992400800214,550.223075393805,564.089622149526,0.415382637812611
65.58707,-16.08995,405.1,1.71267372067072,551.935749114476,565.845458127992,0.416675595086887
65.558724,-16.010267,517.6,4.83488075831268,556.770629872789,570.802186011756,0.42032561561985
65.544509,-15.990558,480.1,1.82291573740146,558.59354561019,572.671042291157,0.421701798447097
65.522622,-15.98765,460.7,2.43766235305293,561.031207963243,575.170137834683,0.423542074988721
65.487077,-15.965999,459.9,4.07681477909262,565.108022742335,579.349695201785,0.426619805008679
65.473108,-15.949488,459.9,1.73021887720025,566.838241619536,581.123518504229,0.427926007735073
65.4456,-15.955163,459.9,3.07017985958828,569.908421479124,584.271072059097,0.430243793857951
65.439184,-15.920166,439.2,1.76794097091311,571.676362450037,586.083568115449,0.431578474311818
65.444033,-15.870878,480.1,2.34131009588451,574.017672545922,588.4838831629,0.433346011165611
65.459526,-15.793458,587,3.97161568927027,577.989288235192,592.555590246214,0.436344322714443
65.459826,-15.771765,580,1.00251893791301,578.991807173105,593.583374347199,0.437101159313107
65.463935,-15.758386,580,0.768491435777929,579.760298608883,594.371233059455,0.437681320367787
65.46533,-15.691599,580,3.08801822118193,582.848316830065,597.537074532626,0.440012573293539
65.454901,-15.613021,561.9,3.81007541748281,586.658392247548,601.443170257657,0.442888932443046
65.457433,-15.589181,542.7,1.13683415583094,587.795226403378,602.608654545916,0.443747168295962
65.455019,-15.543509,484.8,2.12751584513467,589.922742248513,604.789787367981,0.445353304394684
65.459762,-15.522684,478.2,1.09705003397759,591.019792282491,605.914484907616,0.446181505822987
65.454483,-15.495379,471,1.3911882660372,592.410980548528,607.340733457381,0.447231762487026
65.434002,-15.48141,460.3,2.36729638224777,594.778276930776,609.76768968931,0.449018917296988
65.420473,-15.441338,499.9,2.38723626488156,597.165513195657,612.215088322446,0.450821125421536
65.372633,-15.422562,536,5.3906724454844,602.556185641142,617.741614778518,0.454890732532046
65.35405,-15.397146,538.8,2.37878985782065,604.934975498962,620.180354140932,0.45668656416858
65.342109,-15.391792,537.9,1.35091342836181,606.285888927324,621.565312859386,0.457706415949474
65.307326,-15.324587,559.9,4.96955766591667,611.255446593241,626.660111735298,0.461458108788879
65.298368,-15.258272,456.2,3.23990841104912,614.49535500429,629.981671286539,0.463904028929705
65.305964,-15.173138,313,4.04735499550771,618.542709999798,634.131026433971,0.466959518728992
65.31607,-15.118679,191.4,2.77053289909932,621.313242898897,636.971381421059,0.469051090884433
65.330479,-15.076418,206.2,2.53313642313372,623.846379322031,639.568357141781,0.470963444139751
65.351132,-14.976254,176.3,5.1836248589881,629.030004181019,644.882618064006,0.474876743787928
65.355724,-14.916826,173.7,2.80268895565217,631.832693136671,647.755939494346,0.476992591674776
65.382557,-14.711541,160.6,9.97065011328821,641.803343249959,657.977866757146,0.4845197840627
65.415237,-14.622449,120.1,5.49690452546131,647.30024777542,663.61330252025,0.488669589484721
65.429646,-14.609338,92.2,1.71336697436502,649.013614749785,665.36984922357,0.489963070120449
65.429742,-14.589533,121.4,0.916245146520471,649.929859896306,666.309185288541,0.490654775617482
65.416385,-14.582752,221.7,1.52132913403214,651.451189030338,667.86885447502,0.491803280173063
65.411171,-14.551102,232.1,1.57494848445062,653.026137514789,669.483494309714,0.492992263851041
65.401719,-14.539043,198.3,1.19050127572586,654.216638790515,670.703998219537,0.493891014889202
65.363556,-14.526383,180.1,4.28402223558139,658.500661026096,675.095985019472,0.497125173062939
65.354737,-14.504464,139.9,1.41278302239929,659.913444048495,676.544372549773,0.498191732363603
65.300492,-14.458791,39.9,6.39434143089173,666.307785479387,683.099862137456,0.503019044283841
65.298325,-14.446914,60,0.602524367554596,666.910309846942,683.717571132278,0.503473910995787
65.267447,-14.405361,29.2,3.93986766723685,670.850177514178,687.756730090016,0.506448254852736
65.261428,-14.407518,39.8,0.676851619073938,671.527029133252,688.450639508085,0.506959233805659
65.248575,-14.436185,41.5,1.9552308005337,673.482259933786,690.455145412711,0.508435305900376
65.20758,-14.486139,45.3,5.11826508568948,678.600525019476,695.70239938544,0.512299263170427
65.188279,-14.498327,49.7,2.22021386869866,680.820738888174,697.978566377145,0.513975380248266
65.175748,-14.516512,39.9,1.63156792911946,682.452306817294,699.651252561724,0.515207107924687
65.13382,-14.520782,116.2,4.66712800864683,687.119434825941,704.436000044437,0.518730486041559
65.117222,-14.565564,108.7,2.79172968134087,689.911164507281,707.298086008324,0.520838060389046
65.104594,-14.581604,101.1,1.59225934016231,691.503423847444,708.930472961404,0.522040112637263
65.064951,-14.585048,120.1,4.41116912217862,695.914592969622,713.452810963289,0.525370258441302
65.041777,-14.604757,120.1,2.73765161673117,698.652244586354,716.2594560044,0.52743700736701
65.023044,-14.595476,120.1,2.12811629779785,700.780360884151,718.441204411545,0.529043596768443
65.014901,-14.60539,120.4,1.0181559887202,701.798516872871,719.485019643313,0.5298122383235
64.998561,-14.606366,139.9,1.81764533693749,703.616162209809,721.348472699296,0.531184442341161
64.985815,-14.618082,141.7,1.52056652113765,705.136728730947,722.907360053753,0.532332371173603
64.913321,-14.647501,222.4,8.17972930171556,713.316458032662,731.293232288915,0.53850753482247
64.900585,-14.636632,303.1,1.508298330422,714.824756363084,732.83954227362,0.539646201968792
64.862992,-14.674441,459.9,4.54813958119855,719.372895944283,737.502302620421,0.54307975156143
64.833165,-14.666061,520,3.34097049866782,722.713866442951,740.927471193836,0.54560196700577
64.818671,-14.650408,440.1,1.77551477259807,724.489381215549,742.747731924411,0.546942365187343
64.81248,-14.630828,400,1.15500434697375,725.644385562522,743.931844323185,0.547814318352861
64.812866,-14.603662,313.7,1.28923602708974,726.933621589612,745.253571266139,0.548787607707024
64.801773,-14.540405,44.2,3.24947471789134,730.183096307503,748.584938211242,0.551240749787365
64.803028,-14.530084,38.5,0.508172185840321,730.691268493344,749.105917190708,0.551624386738371
64.793254,-14.524816,20.1,1.1152310630475,731.806499556391,750.249253951918,0.552466313661206
64.779768,-14.473672,12.9,2.84917536274536,734.655674919137,753.170233324982,0.554617255762137
64.770788,-14.466065,35,1.0618406657741,735.717515584911,754.258834161126,0.555418876407309
64.761465,-14.479208,5.3,1.20985268056131,736.927368265472,755.499177163727,0.55633223649759
64.750789,-14.466054,4,1.34102798373814,738.26839624921,756.87400130773,0.557344625410699
64.749341,-14.451056,4.9,0.729382065936285,738.997778315147,757.621765028257,0.557895261434652
64.725158,-14.403516,38.7,3.51021396250979,742.507992277656,761.220442285402,0.560545244687336
64.705245,-14.39533,14.4,2.24823783123992,744.756230108896,763.525339490629,0.562242518034337
64.672458,-14.3391,6.5,4.52076764871603,749.276997757612,768.160038086221,0.565655403598101
64.659712,-14.306163,39.3,2.11322183405117,751.390219591663,770.326516664087,0.567250748648076
64.654477,-14.346106,29.1,1.98825796372024,753.378477555384,772.36488207195,0.568751754103056
64.659669,-14.405394,17.3,2.88031904124894,756.258796596633,775.317789996586,0.570926207655807
64.656193,-14.450884,16.7,2.19927954991164,758.458076146544,777.572495089467,0.572586520684438
64.658017,-14.480345,9.6,1.41681742075518,759.874893567299,779.025018691747,0.573656125693481
64.649616,-14.507049,10.7,1.57747744241672,761.452371009716,780.642251218401,0.574847018570251
64.64363,-14.501663,14.8,0.713319308650923,762.165690318367,781.373547373148,0.575385528257105
64.634854,-14.471998,17.4,1.71709760505553,763.882787923423,783.133918725325,0.57668182527638
64.629103,-14.433653,21.6,1.93543848054137,765.818226403964,785.118133510211,0.578142955456709
64.61464,-14.409524,8.8,1.97707832025937,767.795304724223,787.145037528799,0.579635521007952
64.600071,-14.419384,32.3,1.68701144343554,769.482316167659,788.874564497489,0.580909104931877
64.59447,-14.508648,8.6,4.30329639821418,773.785612565873,793.286311201367,0.584157813844895
64.589278,-14.534869,5.3,1.37779035936448,775.163402925238,794.698824194681,0.585197955960737
64.593601,-14.558194,1.2,1.21223417717873,776.375637102416,795.941608711619,0.586113113926082
64.583012,-14.583879,4.2,1.69954040625469,778.075177508671,797.683980394061,0.587396156402107
64.569236,-14.587634,17,1.54232942529604,779.617506933967,799.265179114457,0.588560514811824
64.552639,-14.612911,20.1,2.20534714943459,781.822854083402,801.526104720572,0.590225408483485
64.547907,-14.609703,20.1,0.54804938915143,782.370903472553,802.087965875931,0.590639150129551
64.543648,-14.58831,6.7,1.12682081225537,783.497724284808,803.243184467518,0.591489826559292
64.534893,-14.575939,16.7,1.13909274510051,784.636817029909,804.410984265295,0.592349767500217
64.525183,-14.529655,12.7,2.46253894347561,787.099355973384,806.935583331155,0.594208824249746
64.496527,-14.475389,22.5,4.11050862049726,791.209864593882,811.149683681125,0.597311990928663
64.481732,-14.496245,19.9,1.92459262202931,793.134457215911,813.122779273627,0.598764933191183
64.450039,-14.511931,51.5,3.6035659786669,796.738023194578,816.817161174717,0.601485391144858
64.439278,-14.502962,25.4,1.27183620959346,798.009859404171,818.121049795513,0.602445544768419
64.422348,-14.537326,8.8,2.50280993083822,800.51266933501,820.686934745337,0.604335003494357
64.405686,-14.541017,8.3,1.8611914805999,802.37386081561,822.59503138103,0.605740082018431
64.411029,-14.570017,1.3,1.51433198550858,803.888192801118,824.147527079076,0.606883304181941
64.427572,-14.619809,16.7,3.016461019635,806.904653820753,827.24000798889,0.609160536074293
64.43725,-14.664237,18.4,2.3882593015164,809.29291312227,829.688455440904,0.610963516524966
64.428045,-14.707625,16.4,2.32011813541711,811.613031257687,832.067044454848,0.612715054826839
64.417777,-14.732816,16.6,1.66314073423072,813.276171991917,833.77209913232,0.613970617917762
64.418947,-14.775957,18.2,2.07544269358852,815.351614685506,835.899846471854,0.615537442173678
64.426864,-14.789025,34.9,1.0811210369888,816.432735722495,837.00821357699,0.616353618245206
64.416178,-14.852443,33.3,3.26824826963557,819.70098399213,840.35882719891,0.618820933136164
64.422122,-14.880896,22.1,1.5176288802433,821.218612872374,841.914702878983,0.619966644240782
64.400268,-14.917964,18,3.01238539133298,824.230998263707,845.003005447808,0.622240799298828
64.381063,-14.933038,20.1,2.25505462926972,826.486052892976,847.314891245838,0.623943218885006
64.375366,-14.92395,25,0.76959656734981,827.255649460326,848.10388294084,0.62452421424215
64.351065,-14.923446,20.5,2.70227007761347,829.95791953794,850.87425476855,0.626564252406885
64.32155,-14.944292,14.2,3.43203660878467,833.389956146724,854.392784471193,0.629155216841821
64.296573,-15.022602,52.2,4.68670247021461,838.076658616939,859.197599724821,0.632693372404139
64.285576,-15.030026,185.1,1.2811045070954,839.357763124034,860.510990219802,0.633660522989545
64.282669,-15.040841,41.7,0.630353871719404,839.988116995754,861.157230069093,0.634136399167226
64.291863,-15.115417,4.4,3.74039661612213,843.728513611876,864.991890969797,0.636960155353311
64.288076,-15.147475,15,1.6027662729411,845.331279884817,866.63504964803,0.638170139652452
64.29005,-15.182558,4.5,1.70660712059199,847.037887005409,868.384666137893,0.639458517038213
64.31816,-15.237865,18.9,4.10860815776996,851.146495163179,872.59681813028,0.642560248991369
64.348404,-15.248283,18.9,3.40021443917181,854.546709602351,876.082723691123,0.645127189757823
64.371868,-15.275953,6.8,2.92915958137633,857.475869183727,879.085703019629,0.647338514741995
64.3744,-15.286134,8.8,0.564811954406233,858.040681138133,879.664749185074,0.647764911034664
64.348662,-15.39205,12,5.84460553585764,863.885286673991,885.656648608731,0.652177208106577
64.327794,-15.417423,8.8,2.6224366683082,866.507723342299,888.345175090974,0.654156977239303
64.308482,-15.405579,3.1,2.2219605645708,868.72968390687,890.623132798223,0.655834412958927
64.302292,-15.411726,7.9,0.749401297065793,869.479085203936,891.391420268169,0.656400162200419
64.264612,-15.517083,11.3,6.58756950112751,876.066654705063,898.14500759839,0.661373348746974
64.246963,-15.672394,20.1,7.75369585359435,883.820350558657,906.09410962612,0.667226884849867
64.228381,-15.684464,11.3,2.14701340335032,885.967363962008,908.295231377655,0.668847740337006
64.196044,-15.745908,31.6,4.66521828823069,890.632582250238,913.078021011785,0.672369676739165
64.185262,-15.752259,13.6,1.23783630929968,891.870418559538,914.347052877627,0.67330416264921
64.179157,-15.773116,14.6,1.21696540950105,893.087383969039,915.594687861898,0.674222892387259
64.184543,-15.815431,12.4,2.13492587715816,895.222309846197,917.783417461254,0.675834622578243
64.177912,-15.837253,15.8,1.28860790662177,896.510917752819,919.104500454048,0.676807437742303
64.178363,-15.869569,18.7,1.56599309478311,898.076910847602,920.709959208195,0.677989660683501
64.173878,-15.894814,18.9,1.32058872966153,899.397499577264,922.063828994548,0.678986619289063
64.136049,-15.983852,22.7,6.02679043042308,905.424290007687,928.242504678476,0.683536454107861
64.129407,-16.026939,29.9,2.2169408762197,907.641230883907,930.515316192786,0.685210100289239
64.130126,-16.059812,20.5,1.59697431214748,909.238205196054,932.152536943074,0.686415712034664
64.109066,-16.093973,11.8,2.86933160306147,912.107536799115,935.094180527604,0.688581870786159
64.07793,-16.109176,9.1,3.54007669403445,915.64761349315,938.723473107326,0.691254398459003
64.050411,-16.16164,4.4,3.98415152307948,919.631765016229,942.808031948541,0.694262173747085
64.041946,-16.203064,17.7,2.22483010907225,921.856595125302,945.088931517639,0.695941775786185
64.038534,-16.272823,10.2,3.41662647063883,925.273221595941,948.591662720741,0.698521106569029
64.020692,-16.344094,15.5,3.9974702325431,929.270691828484,952.689875925295,0.701538936616565
63.974365,-16.419142,15.8,6.31831179890181,935.589003627385,959.16741980641,0.706308851109286
63.940687,-16.429206,22,3.77693089933652,939.365934526722,963.039535715701,0.709160188303167
63.917041,-16.514361,28,4.92248720604405,944.288421732766,968.086077876998,0.712876346006626
63.900915,-16.600653,55.7,4.58524640708478,948.873668139851,972.786880204098,0.716337908839542
63.883556,-16.628934,47,2.37508654233015,951.248754682181,975.221822921243,0.718130944713728
63.878857,-16.663996,41,1.79413957815591,953.042894260337,977.061177833795,0.71948540341222
63.881067,-16.687889,28.8,1.19526079620475,954.238155056542,978.286561212017,0.720387747578805
63.906945,-16.720387,50.1,3.28771253191957,957.525867588461,981.657129628362,0.722869756721916
63.921375,-16.785489,72.4,3.56476355588081,961.090631144342,985.311731220362,0.725560921369928
63.943262,-16.800692,78,2.54460865128216,963.635239795624,987.920468288673,0.727481935411394
63.956931,-16.858059,71.6,3.1871424688835,966.822382264508,991.187932107275,0.729888020697552
63.979386,-16.865966,82.7,2.52657635751377,969.348958622021,993.778182437692,0.731795421529965
64.006026,-16.929073,82.6,4.271159038688,973.620117660709,998.156981866542,0.735019868826614
64.004363,-16.946046,78.4,0.847627259203715,974.467744919913,999.025970758048,0.735659772281332
63.978174,-16.967418,66.1,3.09298640844237,977.560731328355,1002.19690562515,0.737994775865356
63.975556,-16.978083,67.2,0.596201700636953,978.156933028992,1002.80813261122,0.738444869374978
63.974086,-17.088354,76.4,5.38251381675118,983.539446845744,1008.32629482739,0.742508317251395
63.967563,-17.15351,79.6,3.26105066568603,986.80049751143,1011.66952945364,0.744970198419472
63.937361,-17.278415,55.3,6.96241734979749,993.762914861227,1018.80741142866,0.750226370713302
63.934411,-17.338411,50.9,2.94951665665476,996.712431517882,1021.83126086498,0.752453063965374
63.955654,-17.455076,56.5,6.1682400570334,1002.88067157492,1028.15495094397,0.757109684052996
63.956265,-17.581633,52.1,6.17912314377539,1009.05979471869,1034.48979838179,0.76177452016332
63.947843,-17.613584,52,1.81961659730241,1010.87941131599,1036.35527237721,0.763148212354354
63.946148,-17.654182,54,1.9916435530926,1012.87105486909,1038.39710869699,0.764651773709126
63.933488,-17.704811,53.1,2.84580087497338,1015.71685574406,1041.31462853952,0.76680016829125
63.913586,-17.717707,39.9,2.30107435311927,1018.01793009718,1043.67369383583,0.768537329776013
63.903126,-17.734562,42.7,1.42557986457805,1019.44350996176,1045.13520071025,0.769613549860271
63.889757,-17.739444,43.6,1.50564192671362,1020.94915188847,1046.6787873454,0.770750211594553
63.850543,-17.845445,36,6.77937460963872,1027.72852649811,1053.62901359541,0.775868198523866
63.853258,-17.871655,40.6,1.31938338295563,1029.04790988106,1054.98164765829,0.776864247171055
63.839836,-17.966015,34.7,4.85966888553544,1033.9075787666,1059.96378837177,0.780532981127959
63.824193,-17.981797,33.4,1.90382914303835,1035.81140790964,1061.91559721069,0.781970248314207
63.817327,-18.005894,21.1,1.40729259377942,1037.21870050342,1063.35835594434,0.783032662698336
63.794614,-18.040152,27.3,3.0341366322485,1040.25283713567,1066.46895792193,0.785323238528667
63.786503,-18.038167,36.6,0.907207208155098,1041.16004434382,1067.39902827729,0.786008120970023
63.767856,-18.083432,53.6,3.04069227752013,1044.20073662134,1070.51635111344,0.788303645886183
63.764777,-18.112496,60,1.46903024725131,1045.66976686859,1072.02240339324,0.789412668183536
63.740273,-18.177309,72,4.19321772565626,1049.86298459425,1076.3212972569,0.792578274857809
63.669215,-18.405983,74.2,13.7592788656237,1063.62226345987,1090.42733308756,0.802965635557851
63.646642,-18.419116,65.1,2.5923413529589,1066.21460481283,1093.0850058019,0.804922684684757
63.608737,-18.460754,53.9,4.68989938170081,1070.90450419453,1097.89309853456,0.808463253707334
63.596613,-18.463308,59.1,1.35404894818143,1072.25855314271,1099.28127179321,0.809485472601772
63.557754,-18.444017,44.4,4.42516110739217,1076.68371425011,1103.81795440186,0.812826181444669
63.541027,-18.455132,45.2,1.93973290570273,1078.62344715581,1105.80657183864,0.814290553636705
63.507189,-18.494807,41.1,4.2456881692656,1082.86913532507,1110.15925848933,0.817495772083454
63.48395,-18.542905,39,3.51768252113678,1086.38681784621,1113.76559252534,0.820151393612179
63.459263,-18.62424,27.1,4.88394012953678,1091.27075797575,1118.77261615898,0.823838450779808
63.448802,-18.673389,25.7,2.70530394781708,1093.97606192356,1121.54609831552,0.825880779319237
63.437848,-18.786546,38.1,5.7558090101291,1099.73187093369,1127.44696339168,0.830226040789164
63.437923,-18.856412,35,3.47396322608806,1103.20583415978,1131.00847633289,0.832848657093439
63.425735,-18.894392,20.1,2.32481966852124,1105.5306538283,1133.39188536648,0.834603744747038
63.417656,-18.998086,7.4,5.23652723057297,1110.76718105888,1138.76038188901,0.838556982245222
63.423311,-19.016304,46.3,1.1038491817381,1111.87103024061,1139.89204992636,0.839390316587897
63.451635,-19.037193,119.4,3.31718700951178,1115.18821725013,1143.2928356267,0.841894577044699
63.454617,-19.046066,105.6,0.551897113069984,1115.7401143632,1143.85864147509,0.842311223472085
63.45275,-19.06159,48.1,0.800991221834968,1116.54110558503,1144.67981902266,0.842915919751594
63.455336,-19.074733,33.5,0.713788388562504,1117.25489397359,1145.41159607893,0.843454783563274
63.447,-19.134729,17.1,3.12259003305693,1120.37748400665,1148.61288063177,0.845812135958592
63.431475,-19.180659,18.1,2.86273702023426,1123.24022102688,1151.54776343889,0.847973316228935
63.43376,-19.190315,16.9,0.543289067786802,1123.78351009467,1152.10474430478,0.848383464141962
63.450819,-19.206859,32.7,2.06758314859561,1125.85109324327,1154.22443402557,0.849944354952559
63.472449,-19.256984,56.7,3.46222552991772,1129.31331877318,1157.77391346093,0.852558110059594
63.482716,-19.328964,37.3,3.75206671062186,1133.06538548381,1161.62053856214,0.855390676408055
63.515697,-19.465778,43.9,7.71555161443459,1140.78093709824,1169.53053505174,0.861215416091118
63.523378,-19.540858,18.9,3.81936469800781,1144.60030179625,1173.44615416278,0.864098788043287
63.522359,-19.575169,21,1.70475138618905,1146.30505318244,1175.19386815062,0.865385764470263
63.542497,-19.659905,25.6,4.75913166756713,1151.06418485001,1180.07293793917,0.868978599366103
63.544439,-19.721854,18,3.07652528844648,1154.14071013845,1183.22699683837,0.87130117587509
63.551069,-19.776839,14,2.82154033825554,1156.96225047671,1186.11964473786,0.873431255329792
63.562442,-19.819701,10.2,2.47057715664052,1159.43282763335,1188.65248459337,0.87529638040749
63.564985,-19.845386,8.6,1.30258201021933,1160.73540964357,1189.98789386067,0.876279745110951
63.595154,-19.971278,18.3,7.07456454860445,1167.80997419217,1197.2407493325,0.881620581246316
63.622835,-20.029911,29.9,4.22758626998449,1172.03756046216,1201.5748778856,0.884812133936377
63.643627,-20.055681,32.9,2.63908998231757,1174.67665044447,1204.28047737337,0.886804475238121
63.67075,-20.124228,29.9,4.53161873491133,1179.20826917939,1208.92630052078,0.890225552666256
63.692883,-20.199856,27.1,4.46742443328736,1183.67569361267,1213.50631156221,0.893598167571582
63.719308,-20.232353,29,3.34605456874756,1187.02174818142,1216.93669233282,0.896124221158186
63.749263,-20.232418,31.3,3.33086208232334,1190.35261026374,1220.3514977408,0.898638805405594
63.823797,-20.361518,22.7,10.4353413221434,1200.78795158589,1231.04982721234,0.906516809434714
63.834321,-20.402094,31.1,2.30855603798833,1203.09650762387,1233.41656274456,0.908259619104976
63.865392,-20.44472,36.6,4.03738645404082,1207.13389407792,1237.55569812651,0.911307583303766
63.867742,-20.465941,52.4,1.07181562087856,1208.20570969879,1238.65452530341,0.912116734391315
63.88891,-20.53304,57.9,4.04122050131266,1212.24693020011,1242.79759135707,0.915167593046445
63.899961,-20.586019,19.6,2.86897557604194,1215.11590577615,1245.7388699421,0.917333483020695
63.910346,-20.599548,64.6,1.33167910018035,1216.44758487633,1247.10410959496,0.918338814134729
63.921525,-20.6539,60.4,2.93373298755236,1219.38131786388,1250.11177758717,0.920553591743129
63.940805,-20.671839,45.3,2.31619465655869,1221.69751252044,1252.48634424399,0.922302168073629
63.952231,-20.691923,45,1.60509442215841,1223.3026069426,1254.13188974471,0.923513909974016
63.952339,-20.719442,39.9,1.34376616489382,1224.64637310749,1255.50952107664,0.924528366035819
63.943144,-20.781122,38.1,3.18100595781911,1227.82737906531,1258.77069373378,0.926929818655215
63.94161,-20.937163,21.9,7.623802885676,1235.45118195099,1266.58662927237,0.932685294015002
63.937576,-21.003853,16.6,3.28855542927926,1238.73973738027,1269.95806182851,0.935167939490802
63.906119,-21.06372,11.9,4.56055657558766,1243.30029395585,1274.63355209884,0.938610863106656
63.859502,-21.115508,0.9,5.77024135095524,1249.07053530681,1280.54921323508,0.94296702005529
63.879876,-21.195298,0.1,4.51671127477325,1253.58724658158,1285.17975322929,0.946376843320536
63.878052,-21.218837,0,1.17007959389383,1254.75732617548,1286.37932079656,0.947260177317051
63.886399,-21.2648,3,2.43381557875469,1257.19114175423,1288.8744726206,0.949097549794258
63.891646,-21.364245,14.9,4.90152163315507,1262.09266338739,1293.89952084132,0.952797879853695
63.863107,-21.390874,6.1,3.43077287065866,1265.52343625805,1297.41675495751,0.955387890248533
63.853655,-21.417729,15.2,1.68395495497747,1267.20739121302,1299.14314840909,0.956659166722454
63.843956,-21.498345,11.7,4.09540952081419,1271.30280073384,1303.34176913668,0.95975093456309
63.840104,-21.579874,9.3,4.01944618386575,1275.3222469177,1307.46251212348,0.962785355024655
63.832444,-21.622649,12.4,2.26362736248585,1277.58587428019,1309.78318670202,0.964494246466878
63.833495,-21.660147,14.3,1.84245904674524,1279.42833332693,1311.67207881502,0.965885183221668
63.864502,-21.739948,0,5.21370183549201,1284.64203516243,1317.01717470414,0.96982118903103
63.869855,-21.767328,7.7,1.46715790191919,1286.10919306435,1318.52130745236,0.970928797829426
63.869576,-21.851678,20.1,4.13091315782794,1290.24010622217,1322.75632656831,0.974047368607006
63.85373,-21.940202,60,4.6809225403423,1294.92102876252,1327.55521622812,0.977581160698173
63.850479,-22.015389,84,3.70215909200537,1298.62318785452,1331.3506759548,0.980376050040352
63.858805,-22.019155,102.8,0.944220243377932,1299.5674080979,1332.31869213611,0.981088874916135
63.869169,-22.048466,122.7,1.84115298044271,1301.40856107834,1334.20624526775,0.982478825675807
63.887826,-22.058401,163.9,2.13126356278815,1303.53982464113,1336.39122025625,0.984087791057623
63.910335,-22.034669,160,2.75911700615422,1306.29894164728,1339.2198716507,0.98617074495633
63.926772,-21.996453,160,2.6136638481661,1308.91260549545,1341.89940422298,0.988143891180394
63.945687,-21.972839,152.7,2.39895540174583,1311.3115608972,1344.35881733493,0.989954946491113
63.947114,-21.962979,148.1,0.507045950200536,1311.8186068474,1344.87864169573,0.990337733207457
63.962295,-21.939397,159.4,2.04339674892015,1313.86200359632,1346.9735354789,0.991880364859277
63.973936,-21.953022,120.1,1.45576698535242,1315.31777058167,1348.4659902403,0.992979374256481
64.009609,-21.941661,79.9,4.00541450591976,1319.32318508759,1352.57234792728,0.996003201713755
64.050438,-21.997573,8,5.29422860899246,1324.61741369658,1358,1
